[
  { "name": "Algérie", "code": "DZA", "region": "Afrique du Nord" },
  { "name": "Angola", "code": "AGO", "region": "Afrique Centrale" },
  { "name": "Bénin", "code": "BEN", "region": "Afrique de l'Ouest" },
  { "name": "Botswana", "code": "BWA", "region": "Afrique Australe" },
  { "name": "Burkina Faso", "code": "BFA", "region": "Afrique de l'Ouest" },
  { "name": "Burundi", "code": "BDI", "region": "Afrique de l'Est" },
  { "name": "Cap-Vert", "code": "CPV", "region": "Afrique de l'Ouest" },
  { "name": "Cameroun", "code": "CMR", "region": "Afrique Centrale" },
  { "name": "République centrafricaine", "code": "CAF", "region": "Afrique Centrale" },
  { "name": "Tchad", "code": "TCD", "region": "Afrique Centrale" },
  { "name": "Comores", "code": "COM", "region": "Afrique de l'Est" },
  { "name": "Congo", "code": "COG", "region": "Afrique Centrale" },
  { "name": "République démocratique du Congo", "code": "COD", "region": "Afrique Centrale" },
  { "name": "Côte d'Ivoire", "code": "CIV", "region": "Afrique de l'Ouest" },
  { "name": "Djibouti", "code": "DJI", "region": "Afrique de l'Est" },
  { "name": "Égypte", "code": "EGY", "region": "Afrique du Nord" },
  { "name": "Guinée équatoriale", "code": "GNQ", "region": "Afrique Centrale" },
  { "name": "Érythrée", "code": "ERI", "region": "Afrique de l'Est" },
  { "name": "Eswatini", "code": "SWZ", "region": "Afrique Australe" },
  { "name": "Éthiopie", "code": "ETH", "region": "Afrique de l'Est" },
  { "name": "Gabon", "code": "GAB", "region": "Afrique Centrale" },
  { "name": "Gambie", "code": "GMB", "region": "Afrique de l'Ouest" },
  { "name": "Ghana", "code": "GHA", "region": "Afrique de l'Ouest" },
  { "name": "Guinée", "code": "GIN", "region": "Afrique de l'Ouest" },
  { "name": "Guinée-Bissau", "code": "GNB", "region": "Afrique de l'Ouest" },
  { "name": "Kenya", "code": "KEN", "region": "Afrique de l'Est" },
  { "name": "Lesotho", "code": "LSO", "region": "Afrique Australe" },
  { "name": "Libéria", "code": "LBR", "region": "Afrique de l'Ouest" },
  { "name": "Libye", "code": "LBY", "region": "Afrique du Nord" },
  { "name": "Madagascar", "code": "MDG", "region": "Afrique de l'Est" },
  { "name": "Malawi", "code": "MWI", "region": "Afrique de l'Est" },
  { "name": "Mali", "code": "MLI", "region": "Afrique de l'Ouest" },
  { "name": "Mauritanie", "code": "MRT", "region": "Afrique de l'Ouest" },
  { "name": "Maurice", "code": "MUS", "region": "Afrique de l'Est" },
  { "name": "Maroc", "code": "MAR", "region": "Afrique du Nord" },
  { "name": "Mozambique", "code": "MOZ", "region": "Afrique de l'Est" },
  { "name": "Namibie", "code": "NAM", "region": "Afrique Australe" },
  { "name": "Niger", "code": "NER", "region": "Afrique de l'Ouest" },
  { "name": "Nigéria", "code": "NGA", "region": "Afrique de l'Ouest" },
  { "name": "Rwanda", "code": "RWA", "region": "Afrique de l'Est" },
  { "name": "Sao Tomé-et-Principe", "code": "STP", "region": "Afrique Centrale" },
  { "name": "Sénégal", "code": "SEN", "region": "Afrique de l'Ouest" },
  { "name": "Seychelles", "code": "SYC", "region": "Afrique de l'Est" },
  { "name": "Sierra Leone", "code": "SLE", "region": "Afrique de l'Ouest" },
  { "name": "Somalie", "code": "SOM", "region": "Afrique de l'Est" },
  { "name": "Afrique du Sud", "code": "ZAF", "region": "Afrique Australe" },
  { "name": "Soudan", "code": "SDN", "region": "Afrique du Nord" },
  { "name": "Soudan du Sud", "code": "SSD", "region": "Afrique de l'Est" },
  { "name": "Tanzanie", "code": "TZA", "region": "Afrique de l'Est" },
  { "name": "Togo", "code": "TGO", "region": "Afrique de l'Ouest" },
  { "name": "Tunisie", "code": "TUN", "region": "Afrique du Nord" },
  { "name": "Ouganda", "code": "UGA", "region": "Afrique de l'Est" },
  { "name": "Zambie", "code": "ZMB", "region": "Afrique Australe" },
  { "name": "Zimbabwe", "code": "ZWE", "region": "Afrique Australe" }
]